<?xml version="1.0" encoding="UTF-8"?>
<SQLResult>
    <ASSET>
        <NUMBER>1</NUMBER>
        <DOCUMENT_TYPE>Разходен касов ордер</DOCUMENT_TYPE>
        <DOCUMENT_NUMBER>1</DOCUMENT_NUMBER>
        <ORIGIN>Закупено</ORIGIN>
        <YEAR>2011</YEAR>
        <INIT_VALUE>120</INIT_VALUE>
        <ANNUAL_DEPRECIATION>15</ANNUAL_DEPRECIATION>
        <DESCRIPTION>Работни столове</DESCRIPTION>
    </ASSET>
    <ASSET>
        <NUMBER>2</NUMBER>
        <DOCUMENT_TYPE>Разходен касов ордер</DOCUMENT_TYPE>
        <DOCUMENT_NUMBER>1</DOCUMENT_NUMBER>
        <ORIGIN>Закупено</ORIGIN>
        <YEAR>2011</YEAR>
        <INIT_VALUE>340</INIT_VALUE>
        <ANNUAL_DEPRECIATION>15</ANNUAL_DEPRECIATION>
        <DESCRIPTION>Работни маси</DESCRIPTION>
    </ASSET>
    <ASSET>
        <NUMBER>3</NUMBER>
        <DOCUMENT_TYPE>Разходен касов ордер</DOCUMENT_TYPE>
        <DOCUMENT_NUMBER>1</DOCUMENT_NUMBER>
        <ORIGIN>Закупено</ORIGIN>
        <YEAR>2011</YEAR>
        <INIT_VALUE>100</INIT_VALUE>
        <ANNUAL_DEPRECIATION>18</ANNUAL_DEPRECIATION>
        <DESCRIPTION>Принтер-факс lexmark</DESCRIPTION>
    </ASSET>
    <ASSET>
        <NUMBER>4</NUMBER>
        <DOCUMENT_TYPE>Разходен касов ордер</DOCUMENT_TYPE>
        <DOCUMENT_NUMBER>1</DOCUMENT_NUMBER>
        <ORIGIN>Закупено</ORIGIN>
        <YEAR>2011</YEAR>
        <INIT_VALUE>2300</INIT_VALUE>
        <ANNUAL_DEPRECIATION>23</ANNUAL_DEPRECIATION>
        <DESCRIPTION>Компютър IBM</DESCRIPTION>
    </ASSET>
    <ASSET>
        <NUMBER>5</NUMBER>
        <DOCUMENT_TYPE/>
        <DOCUMENT_NUMBER/>
        <ORIGIN>Делова вноска</ORIGIN>
        <YEAR>2011</YEAR>
        <INIT_VALUE>30300</INIT_VALUE>
        <ANNUAL_DEPRECIATION>10</ANNUAL_DEPRECIATION>
        <DESCRIPTION>Служебен автомобил-Opel</DESCRIPTION>
    </ASSET>
</SQLResult>
