<?xml version="1.0" encoding="UTF-8"?>
<SQLResult>
    <EMPLOYEE_LOGISTICCENTRE>
        <EMPLOYEE_EGN>6610159357</EMPLOYEE_EGN>
        <LOGISTICCENTRE_NAME>Uniprint №2</LOGISTICCENTRE_NAME>
    </EMPLOYEE_LOGISTICCENTRE>
    <EMPLOYEE_LOGISTICCENTRE>
        <EMPLOYEE_EGN>7009127255</EMPLOYEE_EGN>
        <LOGISTICCENTRE_NAME>Uniprint №2</LOGISTICCENTRE_NAME>
    </EMPLOYEE_LOGISTICCENTRE>
    <EMPLOYEE_LOGISTICCENTRE>
        <EMPLOYEE_EGN>7010159357</EMPLOYEE_EGN>
        <LOGISTICCENTRE_NAME>Uniprint №1</LOGISTICCENTRE_NAME>
    </EMPLOYEE_LOGISTICCENTRE>
    <EMPLOYEE_LOGISTICCENTRE>
        <EMPLOYEE_EGN>7208202211</EMPLOYEE_EGN>
        <LOGISTICCENTRE_NAME>Uniprint №1</LOGISTICCENTRE_NAME>
    </EMPLOYEE_LOGISTICCENTRE>
    <EMPLOYEE_LOGISTICCENTRE>
        <EMPLOYEE_EGN>7709127255</EMPLOYEE_EGN>
        <LOGISTICCENTRE_NAME>Uniprint №1</LOGISTICCENTRE_NAME>
    </EMPLOYEE_LOGISTICCENTRE>
    <EMPLOYEE_LOGISTICCENTRE>
        <EMPLOYEE_EGN>8106029076</EMPLOYEE_EGN>
        <LOGISTICCENTRE_NAME>Uniprint №2</LOGISTICCENTRE_NAME>
    </EMPLOYEE_LOGISTICCENTRE>
    <EMPLOYEE_LOGISTICCENTRE>
        <EMPLOYEE_EGN>8107112340</EMPLOYEE_EGN>
        <LOGISTICCENTRE_NAME>Uniprint №1</LOGISTICCENTRE_NAME>
    </EMPLOYEE_LOGISTICCENTRE>
    <EMPLOYEE_LOGISTICCENTRE>
        <EMPLOYEE_EGN>8206029076</EMPLOYEE_EGN>
        <LOGISTICCENTRE_NAME>Uniprint №1</LOGISTICCENTRE_NAME>
    </EMPLOYEE_LOGISTICCENTRE>
    <EMPLOYEE_LOGISTICCENTRE>
        <EMPLOYEE_EGN>8412231814</EMPLOYEE_EGN>
        <LOGISTICCENTRE_NAME>Uniprint №1</LOGISTICCENTRE_NAME>
    </EMPLOYEE_LOGISTICCENTRE>
    <EMPLOYEE_LOGISTICCENTRE>
        <EMPLOYEE_EGN>8507112340</EMPLOYEE_EGN>
        <LOGISTICCENTRE_NAME>Uniprint №2</LOGISTICCENTRE_NAME>
    </EMPLOYEE_LOGISTICCENTRE>
    <EMPLOYEE_LOGISTICCENTRE>
        <EMPLOYEE_EGN>8801061823</EMPLOYEE_EGN>
        <LOGISTICCENTRE_NAME>Uniprint №1</LOGISTICCENTRE_NAME>
    </EMPLOYEE_LOGISTICCENTRE>
    <EMPLOYEE_LOGISTICCENTRE>
        <EMPLOYEE_EGN>8803042318</EMPLOYEE_EGN>
        <LOGISTICCENTRE_NAME>Uniprint №1</LOGISTICCENTRE_NAME>
    </EMPLOYEE_LOGISTICCENTRE>
    <EMPLOYEE_LOGISTICCENTRE>
        <EMPLOYEE_EGN>8808202211</EMPLOYEE_EGN>
        <LOGISTICCENTRE_NAME>Uniprint №2</LOGISTICCENTRE_NAME>
    </EMPLOYEE_LOGISTICCENTRE>
    <EMPLOYEE_LOGISTICCENTRE>
        <EMPLOYEE_EGN>9006214027</EMPLOYEE_EGN>
        <LOGISTICCENTRE_NAME>Uniprint №1</LOGISTICCENTRE_NAME>
    </EMPLOYEE_LOGISTICCENTRE>
    <EMPLOYEE_LOGISTICCENTRE>
        <EMPLOYEE_EGN>9012231893</EMPLOYEE_EGN>
        <LOGISTICCENTRE_NAME>Uniprint №1</LOGISTICCENTRE_NAME>
    </EMPLOYEE_LOGISTICCENTRE>
</SQLResult>
