<?xml version="1.0" encoding="UTF-8"?>
<SQLResult>
    <WORKINGON>
        <BOOKISBN>0010207599</BOOKISBN>
        <EMPEGN>8107112340</EMPEGN>
    </WORKINGON>
    <WORKINGON>
        <BOOKISBN>0619040000</BOOKISBN>
        <EMPEGN>8803042318</EMPEGN>
    </WORKINGON>
    <WORKINGON>
        <BOOKISBN>119821758X</BOOKISBN>
        <EMPEGN>6610159357</EMPEGN>
    </WORKINGON>
    <WORKINGON>
        <BOOKISBN>1619297508</BOOKISBN>
        <EMPEGN>8912031836</EMPEGN>
    </WORKINGON>
    <WORKINGON>
        <BOOKISBN>229821568X</BOOKISBN>
        <EMPEGN>8704057765</EMPEGN>
    </WORKINGON>
    <WORKINGON>
        <BOOKISBN>277721538X</BOOKISBN>
        <EMPEGN>8106029076</EMPEGN>
    </WORKINGON>
    <WORKINGON>
        <BOOKISBN>3487121588</BOOKISBN>
        <EMPEGN>8808202211</EMPEGN>
    </WORKINGON>
    <WORKINGON>
        <BOOKISBN>351786758X</BOOKISBN>
        <EMPEGN>9006214027</EMPEGN>
    </WORKINGON>
    <WORKINGON>
        <BOOKISBN>5555216515</BOOKISBN>
        <EMPEGN>7709127255</EMPEGN>
    </WORKINGON>
    <WORKINGON>
        <BOOKISBN>5555216515</BOOKISBN>
        <EMPEGN>9006214027</EMPEGN>
    </WORKINGON>
    <WORKINGON>
        <BOOKISBN>678892165X</BOOKISBN>
        <EMPEGN>8412231814</EMPEGN>
    </WORKINGON>
    <WORKINGON>
        <BOOKISBN>6884127779</BOOKISBN>
        <EMPEGN>7010159357</EMPEGN>
    </WORKINGON>
    <WORKINGON>
        <BOOKISBN>706192175X</BOOKISBN>
        <EMPEGN>8801061823</EMPEGN>
    </WORKINGON>
    <WORKINGON>
        <BOOKISBN>707892165X</BOOKISBN>
        <EMPEGN>9006214027</EMPEGN>
    </WORKINGON>
    <WORKINGON>
        <BOOKISBN>8619818888</BOOKISBN>
        <EMPEGN>8206029076</EMPEGN>
    </WORKINGON>
</SQLResult>
