<?xml version="1.0" encoding="UTF-8"?>
<SQLResult>
    <BOOK>
        <ISBN>0619217588</ISBN>
        <TITLE>Зеленият път</TITLE>
        <AUTHOR>Стивън Кинг</AUTHOR>
        <NUMPAGES>544</NUMPAGES>
        <ORIGINALLANGUAGE>Английски</ORIGINALLANGUAGE>
    </BOOK>
    <BOOK>
        <ISBN>1619297508</ISBN>
        <TITLE>Интересни времена</TITLE>
        <AUTHOR>Тери Пратчет</AUTHOR>
        <NUMPAGES>224</NUMPAGES>
        <ORIGINALLANGUAGE>Английски</ORIGINALLANGUAGE>
    </BOOK>
    <BOOK>
        <ISBN>8619818888</ISBN>
        <TITLE>Живак</TITLE>
        <AUTHOR>Амели Нотомб</AUTHOR>
        <NUMPAGES>200</NUMPAGES>
        <ORIGINALLANGUAGE>Френски</ORIGINALLANGUAGE>
    </BOOK>
    <BOOK>
        <ISBN>5555216515</ISBN>
        <TITLE>Портретът на Дориан Грей</TITLE>
        <AUTHOR>Оскар Уайлд</AUTHOR>
        <NUMPAGES>398</NUMPAGES>
        <ORIGINALLANGUAGE>Английски</ORIGINALLANGUAGE>
    </BOOK>
    <BOOK>
        <ISBN>0619007588</ISBN>
        <TITLE>Под Игото</TITLE>
        <AUTHOR>Иван Вазов</AUTHOR>
        <NUMPAGES>568</NUMPAGES>
        <ORIGINALLANGUAGE>Български</ORIGINALLANGUAGE>
    </BOOK>
    <BOOK>
        <ISBN>0010207599</ISBN>
        <TITLE>Тютюн</TITLE>
        <AUTHOR>Димитър Димов</AUTHOR>
        <NUMPAGES>1200</NUMPAGES>
        <ORIGINALLANGUAGE>Български</ORIGINALLANGUAGE>
    </BOOK>
    <BOOK>
        <ISBN>0619040000</ISBN>
        <TITLE>Пипи Дългото Чорапче</TITLE>
        <AUTHOR>Астрид Линдгрен</AUTHOR>
        <NUMPAGES>360</NUMPAGES>
        <ORIGINALLANGUAGE>Шведски</ORIGINALLANGUAGE>
    </BOOK>
    <BOOK>
        <ISBN>9876121588</ISBN>
        <TITLE>Малкият Принц</TITLE>
        <AUTHOR>Антоан дьо Сент Екзюпери</AUTHOR>
        <NUMPAGES>150</NUMPAGES>
        <ORIGINALLANGUAGE>Френски</ORIGINALLANGUAGE>
    </BOOK>
    <BOOK>
        <ISBN>6855727779</ISBN>
        <TITLE>Мизъри</TITLE>
        <AUTHOR>Стивън Кинг</AUTHOR>
        <NUMPAGES>480</NUMPAGES>
        <ORIGINALLANGUAGE>Английски</ORIGINALLANGUAGE>
    </BOOK>
    <BOOK>
        <ISBN>706192175X</ISBN>
        <TITLE>Метеоритът</TITLE>
        <AUTHOR>Майкъл Крайтън</AUTHOR>
        <NUMPAGES>313</NUMPAGES>
        <ORIGINALLANGUAGE>Английски</ORIGINALLANGUAGE>
    </BOOK>
    <BOOK>
        <ISBN>119821758X</ISBN>
        <TITLE>То</TITLE>
        <AUTHOR>Стивън Кинг</AUTHOR>
        <NUMPAGES>700</NUMPAGES>
        <ORIGINALLANGUAGE>Английски</ORIGINALLANGUAGE>
    </BOOK>
    <BOOK>
        <ISBN>351786758X</ISBN>
        <TITLE>Хрониките на Нарния: Лъвът, вещицата и дрешникът</TITLE>
        <AUTHOR>Клайв Луис</AUTHOR>
        <NUMPAGES>574</NUMPAGES>
        <ORIGINALLANGUAGE>Английски</ORIGINALLANGUAGE>
    </BOOK>
    <BOOK>
        <ISBN>3487121588</ISBN>
        <TITLE>Винету</TITLE>
        <AUTHOR>Марк Твен</AUTHOR>
        <NUMPAGES>250</NUMPAGES>
        <ORIGINALLANGUAGE>Английски</ORIGINALLANGUAGE>
    </BOOK>
    <BOOK>
        <ISBN>6884127779</ISBN>
        <TITLE>Алхимикът</TITLE>
        <AUTHOR>Пауло Коельо</AUTHOR>
        <NUMPAGES>380</NUMPAGES>
        <ORIGINALLANGUAGE>Португалски</ORIGINALLANGUAGE>
    </BOOK>
    <BOOK>
        <ISBN>707892165X</ISBN>
        <TITLE>Десет малки негърчета</TITLE>
        <AUTHOR>Агата Кристи</AUTHOR>
        <NUMPAGES>202</NUMPAGES>
        <ORIGINALLANGUAGE>Английски</ORIGINALLANGUAGE>
    </BOOK>
    <BOOK>
        <ISBN>229821568X</ISBN>
        <TITLE>Хигиена на убиеца</TITLE>
        <AUTHOR>Амели Нотомб</AUTHOR>
        <NUMPAGES>260</NUMPAGES>
        <ORIGINALLANGUAGE>Френски</ORIGINALLANGUAGE>
    </BOOK>
    <BOOK>
        <ISBN>6856934779</ISBN>
        <TITLE>Захир</TITLE>
        <AUTHOR>Пауло Коельо</AUTHOR>
        <NUMPAGES>295</NUMPAGES>
        <ORIGINALLANGUAGE>Португалски</ORIGINALLANGUAGE>
    </BOOK>
    <BOOK>
        <ISBN>678892165X</ISBN>
        <TITLE>Смърт край Нил</TITLE>
        <AUTHOR>Агата Кристи</AUTHOR>
        <NUMPAGES>216</NUMPAGES>
        <ORIGINALLANGUAGE>Английски</ORIGINALLANGUAGE>
    </BOOK>
    <BOOK>
        <ISBN>277721538X</ISBN>
        <TITLE>Мадам Бовари</TITLE>
        <AUTHOR>Гюстав Флобер</AUTHOR>
        <NUMPAGES>460</NUMPAGES>
        <ORIGINALLANGUAGE>Френски</ORIGINALLANGUAGE>
    </BOOK>
</SQLResult>
