<?xml version="1.0" encoding="UTF-8"?>
<SQLResult>
    <BILL>
        <NUMBER>1</NUMBER>
        <TYPE>Разходно банково бордеро</TYPE>
        <DESCRIPTION>За външни услуги</DESCRIPTION>
        <MONEY>10000.0</MONEY>
        <DATE>2011-04-03</DATE>
        <CONTRACT_NUMBER>1022</CONTRACT_NUMBER>
    </BILL>
    <BILL>
        <NUMBER>1</NUMBER>
        <TYPE>Разходен касов ордер</TYPE>
        <DESCRIPTION>За външни услуги</DESCRIPTION>
        <MONEY>500.0</MONEY>
        <DATE>2011-02-08</DATE>
        <CONTRACT_NUMBER>1017</CONTRACT_NUMBER>
    </BILL>
    <BILL>
        <NUMBER>2</NUMBER>
        <TYPE>Разходно банково бордеро</TYPE>
        <DESCRIPTION>За външни услуги</DESCRIPTION>
        <MONEY>300.0</MONEY>
        <DATE>2011-04-05</DATE>
        <CONTRACT_NUMBER>1016</CONTRACT_NUMBER>
    </BILL>
    <BILL>
        <NUMBER>2</NUMBER>
        <TYPE>Разходен касов ордер</TYPE>
        <DESCRIPTION>За външни услуги</DESCRIPTION>
        <MONEY>750.0</MONEY>
        <DATE>2011-02-05</DATE>
        <CONTRACT_NUMBER>1015</CONTRACT_NUMBER>
    </BILL>
    <BILL>
        <NUMBER>3</NUMBER>
        <TYPE>Приходно банково бордеро</TYPE>
        <DESCRIPTION>За външни услуги</DESCRIPTION>
        <MONEY>19000.0</MONEY>
        <DATE>2011-04-05</DATE>
        <CONTRACT_NUMBER>1019</CONTRACT_NUMBER>
    </BILL>
</SQLResult>
