<?xml version="1.0" encoding="UTF-8"?>
<SQLResult>
    <PRINTINGHOUSE>
        <NAME>Евро-принт ООД</NAME>
        <ADDRESS>гр. София, бул."Мадара" 26</ADDRESS>
        <CONTRACT_NUMBER>1020</CONTRACT_NUMBER>
    </PRINTINGHOUSE>
    <PRINTINGHOUSE>
        <NAME>БулПринт ЕООД</NAME>
        <ADDRESS>гр. Пловдив , ул. " Клокотница 123 "</ADDRESS>
        <CONTRACT_NUMBER>1021</CONTRACT_NUMBER>
    </PRINTINGHOUSE>
    <PRINTINGHOUSE>
        <NAME>Принт Комерс ООД</NAME>
        <ADDRESS>гр. София , бул. " Александър Македонски 365 "</ADDRESS>
        <CONTRACT_NUMBER>1022</CONTRACT_NUMBER>
    </PRINTINGHOUSE>
    <PRINTINGHOUSE>
        <NAME>КЛМН ООД</NAME>
        <ADDRESS>бул. Македония 16</ADDRESS>
        <CONTRACT_NUMBER>1018</CONTRACT_NUMBER>
    </PRINTINGHOUSE>
</SQLResult>
