<?xml version="1.0" encoding="UTF-8"?>
<SQLResult>
    <ORDERS>
        <DATEORDERED>2011-06-03</DATEORDERED>
        <DEADLINE>2011-06-15</DEADLINE>
        <PARTNER_NAME>Тюлените ООД</PARTNER_NAME>
        <BOOK_ISBN>0619217588</BOOK_ISBN>
        <NUMBERORDERED>150</NUMBERORDERED>
    </ORDERS>
    <ORDERS>
        <DATEORDERED>2011-06-03</DATEORDERED>
        <DEADLINE>2011-07-06</DEADLINE>
        <PARTNER_NAME>Тюлените ООД</PARTNER_NAME>
        <BOOK_ISBN>1619297508</BOOK_ISBN>
        <NUMBERORDERED>90</NUMBERORDERED>
    </ORDERS>
    <ORDERS>
        <DATEORDERED>2011-06-03</DATEORDERED>
        <DEADLINE>2011-06-09</DEADLINE>
        <PARTNER_NAME>Тюлените ООД</PARTNER_NAME>
        <BOOK_ISBN>8619818888</BOOK_ISBN>
        <NUMBERORDERED>100</NUMBERORDERED>
    </ORDERS>
    <ORDERS>
        <DATEORDERED>2011-06-03</DATEORDERED>
        <DEADLINE>2011-06-11</DEADLINE>
        <PARTNER_NAME>Livre ООД</PARTNER_NAME>
        <BOOK_ISBN>5555216515</BOOK_ISBN>
        <NUMBERORDERED>80</NUMBERORDERED>
    </ORDERS>
    <ORDERS>
        <DATEORDERED>2011-06-03</DATEORDERED>
        <DEADLINE>2011-06-15</DEADLINE>
        <PARTNER_NAME>Livre ООД</PARTNER_NAME>
        <BOOK_ISBN>0619007588</BOOK_ISBN>
        <NUMBERORDERED>20</NUMBERORDERED>
    </ORDERS>
    <ORDERS>
        <DATEORDERED>2011-06-03</DATEORDERED>
        <DEADLINE>2011-06-14</DEADLINE>
        <PARTNER_NAME>Livre ООД</PARTNER_NAME>
        <BOOK_ISBN>0010207599</BOOK_ISBN>
        <NUMBERORDERED>10</NUMBERORDERED>
    </ORDERS>
    <ORDERS>
        <DATEORDERED>2011-06-03</DATEORDERED>
        <DEADLINE>2011-06-02</DEADLINE>
        <PARTNER_NAME>Бук ООД</PARTNER_NAME>
        <BOOK_ISBN>0619040000</BOOK_ISBN>
        <NUMBERORDERED>40</NUMBERORDERED>
    </ORDERS>
    <ORDERS>
        <DATEORDERED>2011-06-03</DATEORDERED>
        <DEADLINE>2011-06-04</DEADLINE>
        <PARTNER_NAME>Бук ООД</PARTNER_NAME>
        <BOOK_ISBN>9876121588</BOOK_ISBN>
        <NUMBERORDERED>100</NUMBERORDERED>
    </ORDERS>
    <ORDERS>
        <DATEORDERED>2011-06-03</DATEORDERED>
        <DEADLINE>2011-07-01</DEADLINE>
        <PARTNER_NAME>Бук ООД</PARTNER_NAME>
        <BOOK_ISBN>6855727779</BOOK_ISBN>
        <NUMBERORDERED>150</NUMBERORDERED>
    </ORDERS>
    <ORDERS>
        <DATEORDERED>2011-06-03</DATEORDERED>
        <DEADLINE>2011-06-30</DEADLINE>
        <PARTNER_NAME>Тюлените ООД</PARTNER_NAME>
        <BOOK_ISBN>706192175X</BOOK_ISBN>
        <NUMBERORDERED>130</NUMBERORDERED>
    </ORDERS>
    <ORDERS>
        <DATEORDERED>2011-06-03</DATEORDERED>
        <DEADLINE>2011-06-27</DEADLINE>
        <PARTNER_NAME>Бук ООД</PARTNER_NAME>
        <BOOK_ISBN>119821758X</BOOK_ISBN>
        <NUMBERORDERED>120</NUMBERORDERED>
    </ORDERS>
    <ORDERS>
        <DATEORDERED>2011-06-03</DATEORDERED>
        <DEADLINE>2011-06-03</DEADLINE>
        <PARTNER_NAME>Livre ООД</PARTNER_NAME>
        <BOOK_ISBN>351786758X</BOOK_ISBN>
        <NUMBERORDERED>130</NUMBERORDERED>
    </ORDERS>
    <ORDERS>
        <DATEORDERED>2011-06-03</DATEORDERED>
        <DEADLINE>2011-07-10</DEADLINE>
        <PARTNER_NAME>Бук ООД</PARTNER_NAME>
        <BOOK_ISBN>351786758X</BOOK_ISBN>
        <NUMBERORDERED>120</NUMBERORDERED>
    </ORDERS>
    <ORDERS>
        <DATEORDERED>2011-06-03</DATEORDERED>
        <DEADLINE>2011-06-19</DEADLINE>
        <PARTNER_NAME>Livre ООД</PARTNER_NAME>
        <BOOK_ISBN>3487121588</BOOK_ISBN>
        <NUMBERORDERED>20</NUMBERORDERED>
    </ORDERS>
    <ORDERS>
        <DATEORDERED>2011-06-03</DATEORDERED>
        <DEADLINE>2011-06-18</DEADLINE>
        <PARTNER_NAME>Бук ООД</PARTNER_NAME>
        <BOOK_ISBN>6884127779</BOOK_ISBN>
        <NUMBERORDERED>80</NUMBERORDERED>
    </ORDERS>
    <ORDERS>
        <DATEORDERED>2011-06-03</DATEORDERED>
        <DEADLINE>2011-06-26</DEADLINE>
        <PARTNER_NAME>Livre ООД</PARTNER_NAME>
        <BOOK_ISBN>6884127779</BOOK_ISBN>
        <NUMBERORDERED>75</NUMBERORDERED>
    </ORDERS>
    <ORDERS>
        <DATEORDERED>2011-06-03</DATEORDERED>
        <DEADLINE>2011-06-03</DEADLINE>
        <PARTNER_NAME>Бук ООД</PARTNER_NAME>
        <BOOK_ISBN>707892165X</BOOK_ISBN>
        <NUMBERORDERED>60</NUMBERORDERED>
    </ORDERS>
    <ORDERS>
        <DATEORDERED>2011-06-03</DATEORDERED>
        <DEADLINE>2011-08-19</DEADLINE>
        <PARTNER_NAME>Бук ООД</PARTNER_NAME>
        <BOOK_ISBN>229821568X</BOOK_ISBN>
        <NUMBERORDERED>30</NUMBERORDERED>
    </ORDERS>
    <ORDERS>
        <DATEORDERED>2011-06-03</DATEORDERED>
        <DEADLINE>2011-08-15</DEADLINE>
        <PARTNER_NAME>Тюлените ООД</PARTNER_NAME>
        <BOOK_ISBN>229821568X</BOOK_ISBN>
        <NUMBERORDERED>70</NUMBERORDERED>
    </ORDERS>
    <ORDERS>
        <DATEORDERED>2011-06-03</DATEORDERED>
        <DEADLINE>2011-08-20</DEADLINE>
        <PARTNER_NAME>Тюлените ООД</PARTNER_NAME>
        <BOOK_ISBN>6856934779</BOOK_ISBN>
        <NUMBERORDERED>20</NUMBERORDERED>
    </ORDERS>
    <ORDERS>
        <DATEORDERED>2011-06-03</DATEORDERED>
        <DEADLINE>2011-06-11</DEADLINE>
        <PARTNER_NAME>Бук ООД</PARTNER_NAME>
        <BOOK_ISBN>678892165X</BOOK_ISBN>
        <NUMBERORDERED>50</NUMBERORDERED>
    </ORDERS>
    <ORDERS>
        <DATEORDERED>2011-06-03</DATEORDERED>
        <DEADLINE>2011-09-09</DEADLINE>
        <PARTNER_NAME>Тюлените ООД</PARTNER_NAME>
        <BOOK_ISBN>277721538X</BOOK_ISBN>
        <NUMBERORDERED>3</NUMBERORDERED>
    </ORDERS>
    <ORDERS>
        <DATEORDERED>2011-06-03</DATEORDERED>
        <DEADLINE>2011-09-01</DEADLINE>
        <PARTNER_NAME>Livre ООД</PARTNER_NAME>
        <BOOK_ISBN>678892165X</BOOK_ISBN>
        <NUMBERORDERED>30</NUMBERORDERED>
    </ORDERS>
    <ORDERS>
        <DATEORDERED>2011-06-03</DATEORDERED>
        <DEADLINE>2011-11-18</DEADLINE>
        <PARTNER_NAME>Livre ООД</PARTNER_NAME>
        <BOOK_ISBN>277721538X</BOOK_ISBN>
        <NUMBERORDERED>15</NUMBERORDERED>
    </ORDERS>
    <ORDERS>
        <DATEORDERED>2011-06-03</DATEORDERED>
        <DEADLINE>2011-11-03</DEADLINE>
        <PARTNER_NAME>Бук ООД</PARTNER_NAME>
        <BOOK_ISBN>277721538X</BOOK_ISBN>
        <NUMBERORDERED>5</NUMBERORDERED>
    </ORDERS>
</SQLResult>
