<?xml version="1.0" encoding="UTF-8"?>
<SQLResult>
    <CONTRACT>
        <TYPE>За услуги</TYPE>
        <NUMBER>1081</NUMBER>
        <DESCRIPTION>Техническа поддръжка</DESCRIPTION>
        <START_DATE>2011-06-02</START_DATE>
        <END_DATE>2012-07-30</END_DATE>
    </CONTRACT>
    <CONTRACT>
        <TYPE>Граждански</TYPE>
        <NUMBER>1001</NUMBER>
        <DESCRIPTION>Издаване на стихотворение</DESCRIPTION>
        <START_DATE>2011-08-18</START_DATE>
        <END_DATE>2011-09-18</END_DATE>
    </CONTRACT>
    <CONTRACT>
        <TYPE>Граждански</TYPE>
        <NUMBER>1002</NUMBER>
        <DESCRIPTION>Издаване на стихотворение</DESCRIPTION>
        <START_DATE>2011-06-03</START_DATE>
        <END_DATE>2011-07-11</END_DATE>
    </CONTRACT>
    <CONTRACT>
        <TYPE>Граждански</TYPE>
        <NUMBER>1003</NUMBER>
        <DESCRIPTION>Издаване на роман</DESCRIPTION>
        <START_DATE>2012-02-03</START_DATE>
        <END_DATE>2013-04-07</END_DATE>
    </CONTRACT>
    <CONTRACT>
        <TYPE>Граждански</TYPE>
        <NUMBER>1004</NUMBER>
        <DESCRIPTION>Издаване на разказ</DESCRIPTION>
        <START_DATE>2011-09-02</START_DATE>
        <END_DATE>2011-12-18</END_DATE>
    </CONTRACT>
    <CONTRACT>
        <TYPE>Граждански</TYPE>
        <NUMBER>1005</NUMBER>
        <DESCRIPTION>Издаване на фентъзи</DESCRIPTION>
        <START_DATE>2011-12-03</START_DATE>
        <END_DATE>2013-07-14</END_DATE>
    </CONTRACT>
    <CONTRACT>
        <TYPE>Граждански</TYPE>
        <NUMBER>1006</NUMBER>
        <DESCRIPTION>Превод на фентъзи</DESCRIPTION>
        <START_DATE>2011-12-03</START_DATE>
        <END_DATE>2013-07-14</END_DATE>
    </CONTRACT>
    <CONTRACT>
        <TYPE>Трудов</TYPE>
        <NUMBER>1007</NUMBER>
        <DESCRIPTION>Редактор</DESCRIPTION>
        <START_DATE>2011-02-05</START_DATE>
        <END_DATE/>
    </CONTRACT>
    <CONTRACT>
        <TYPE>Трудов</TYPE>
        <NUMBER>1008</NUMBER>
        <DESCRIPTION>Заместник редактор</DESCRIPTION>
        <START_DATE>2011-02-05</START_DATE>
        <END_DATE/>
    </CONTRACT>
    <CONTRACT>
        <TYPE>Трудов</TYPE>
        <NUMBER>1009</NUMBER>
        <DESCRIPTION>Касиер</DESCRIPTION>
        <START_DATE>2011-02-06</START_DATE>
        <END_DATE/>
    </CONTRACT>
    <CONTRACT>
        <TYPE>Трудов</TYPE>
        <NUMBER>1010</NUMBER>
        <DESCRIPTION>Охрана</DESCRIPTION>
        <START_DATE>2011-02-06</START_DATE>
        <END_DATE/>
    </CONTRACT>
    <CONTRACT>
        <TYPE>Трудов</TYPE>
        <NUMBER>1011</NUMBER>
        <DESCRIPTION>Дизайнер</DESCRIPTION>
        <START_DATE>2011-02-06</START_DATE>
        <END_DATE/>
    </CONTRACT>
    <CONTRACT>
        <TYPE>Трудов</TYPE>
        <NUMBER>1012</NUMBER>
        <DESCRIPTION>Хигиенист</DESCRIPTION>
        <START_DATE>2011-02-07</START_DATE>
        <END_DATE/>
    </CONTRACT>
    <CONTRACT>
        <TYPE>Трудов</TYPE>
        <NUMBER>1013</NUMBER>
        <DESCRIPTION>Счетоводител</DESCRIPTION>
        <START_DATE>2011-02-06</START_DATE>
        <END_DATE/>
    </CONTRACT>
    <CONTRACT>
        <TYPE>За услуга</TYPE>
        <NUMBER>1014</NUMBER>
        <DESCRIPTION>Дистрибутор</DESCRIPTION>
        <START_DATE>2011-03-08</START_DATE>
        <END_DATE>2012-05-08</END_DATE>
    </CONTRACT>
    <CONTRACT>
        <TYPE>За услуга</TYPE>
        <NUMBER>1015</NUMBER>
        <DESCRIPTION>Наем на помещение</DESCRIPTION>
        <START_DATE>2011-02-05</START_DATE>
        <END_DATE>2012-07-14</END_DATE>
    </CONTRACT>
    <CONTRACT>
        <TYPE>За услуга</TYPE>
        <NUMBER>1016</NUMBER>
        <DESCRIPTION>Наем на транспорт</DESCRIPTION>
        <START_DATE>2011-03-05</START_DATE>
        <END_DATE>2012-07-14</END_DATE>
    </CONTRACT>
    <CONTRACT>
        <TYPE>За услуга</TYPE>
        <NUMBER>1017</NUMBER>
        <DESCRIPTION>Доставка на оборудване</DESCRIPTION>
        <START_DATE>2011-02-05</START_DATE>
        <END_DATE>2012-05-14</END_DATE>
    </CONTRACT>
    <CONTRACT>
        <TYPE>За услуга</TYPE>
        <NUMBER>1018</NUMBER>
        <DESCRIPTION>Печат</DESCRIPTION>
        <START_DATE>2011-02-18</START_DATE>
        <END_DATE>2012-07-14</END_DATE>
    </CONTRACT>
    <CONTRACT>
        <TYPE>За услуга</TYPE>
        <NUMBER>1019</NUMBER>
        <DESCRIPTION>Продажба на книги</DESCRIPTION>
        <START_DATE>2011-02-05</START_DATE>
        <END_DATE/>
    </CONTRACT>
    <CONTRACT>
        <TYPE>За услуга</TYPE>
        <NUMBER>1020</NUMBER>
        <DESCRIPTION>Печат</DESCRIPTION>
        <START_DATE>2011-02-22</START_DATE>
        <END_DATE>2012-02-22</END_DATE>
    </CONTRACT>
    <CONTRACT>
        <TYPE>За услуга</TYPE>
        <NUMBER>1021</NUMBER>
        <DESCRIPTION>Печат</DESCRIPTION>
        <START_DATE>2011-02-19</START_DATE>
        <END_DATE>2012-05-11</END_DATE>
    </CONTRACT>
    <CONTRACT>
        <TYPE>За услуга</TYPE>
        <NUMBER>1022</NUMBER>
        <DESCRIPTION>Печат</DESCRIPTION>
        <START_DATE>2011-02-20</START_DATE>
        <END_DATE>2012-06-23</END_DATE>
    </CONTRACT>
    <CONTRACT>
        <TYPE>За услуги</TYPE>
        <NUMBER>1082</NUMBER>
        <DESCRIPTION>Общ персонал</DESCRIPTION>
        <START_DATE>2011-06-02</START_DATE>
        <END_DATE>2012-12-12</END_DATE>
    </CONTRACT>
</SQLResult>
