<?xml version="1.0" encoding="UTF-8"?>
<SQLResult>
    <PRINTED>
        <PRHOUSENAME>Евро-принт ООД</PRHOUSENAME>
        <BISBN>0619217588</BISBN>
        <PRINTORDERDATE>2011-02-20</PRINTORDERDATE>
        <NUMCOPPIES>50000</NUMCOPPIES>
    </PRINTED>
    <PRINTED>
        <PRHOUSENAME>Евро-принт ООД</PRHOUSENAME>
        <BISBN>1619297508</BISBN>
        <PRINTORDERDATE>2010-06-10</PRINTORDERDATE>
        <NUMCOPPIES>11050</NUMCOPPIES>
    </PRINTED>
    <PRINTED>
        <PRHOUSENAME>Евро-принт ООД</PRHOUSENAME>
        <BISBN>8619818888</BISBN>
        <PRINTORDERDATE>2010-02-20</PRINTORDERDATE>
        <NUMCOPPIES>20000</NUMCOPPIES>
    </PRINTED>
    <PRINTED>
        <PRHOUSENAME>Евро-принт ООД</PRHOUSENAME>
        <BISBN>5555216515</BISBN>
        <PRINTORDERDATE>2009-05-29</PRINTORDERDATE>
        <NUMCOPPIES>50000</NUMCOPPIES>
    </PRINTED>
    <PRINTED>
        <PRHOUSENAME>Евро-принт ООД</PRHOUSENAME>
        <BISBN>0619007588</BISBN>
        <PRINTORDERDATE>2008-09-20</PRINTORDERDATE>
        <NUMCOPPIES>40000</NUMCOPPIES>
    </PRINTED>
    <PRINTED>
        <PRHOUSENAME>Евро-принт ООД</PRHOUSENAME>
        <BISBN>0010207599</BISBN>
        <PRINTORDERDATE>2007-11-11</PRINTORDERDATE>
        <NUMCOPPIES>30000</NUMCOPPIES>
    </PRINTED>
    <PRINTED>
        <PRHOUSENAME>Евро-принт ООД</PRHOUSENAME>
        <BISBN>0619040000</BISBN>
        <PRINTORDERDATE>2010-01-15</PRINTORDERDATE>
        <NUMCOPPIES>10000</NUMCOPPIES>
    </PRINTED>
    <PRINTED>
        <PRHOUSENAME>Евро-принт ООД</PRHOUSENAME>
        <BISBN>9876121588</BISBN>
        <PRINTORDERDATE>2010-04-29</PRINTORDERDATE>
        <NUMCOPPIES>70000</NUMCOPPIES>
    </PRINTED>
    <PRINTED>
        <PRHOUSENAME>Евро-принт ООД</PRHOUSENAME>
        <BISBN>6855727779</BISBN>
        <PRINTORDERDATE>2011-02-19</PRINTORDERDATE>
        <NUMCOPPIES>80000</NUMCOPPIES>
    </PRINTED>
    <PRINTED>
        <PRHOUSENAME>Евро-принт ООД</PRHOUSENAME>
        <BISBN>706192175X</BISBN>
        <PRINTORDERDATE>2010-12-10</PRINTORDERDATE>
        <NUMCOPPIES>70000</NUMCOPPIES>
    </PRINTED>
    <PRINTED>
        <PRHOUSENAME>БулПринт ЕООД</PRHOUSENAME>
        <BISBN>119821758X</BISBN>
        <PRINTORDERDATE>2011-04-04</PRINTORDERDATE>
        <NUMCOPPIES>67000</NUMCOPPIES>
    </PRINTED>
    <PRINTED>
        <PRHOUSENAME>БулПринт ЕООД</PRHOUSENAME>
        <BISBN>351786758X</BISBN>
        <PRINTORDERDATE>2010-04-16</PRINTORDERDATE>
        <NUMCOPPIES>25000</NUMCOPPIES>
    </PRINTED>
    <PRINTED>
        <PRHOUSENAME>БулПринт ЕООД</PRHOUSENAME>
        <BISBN>3487121588</BISBN>
        <PRINTORDERDATE>2011-01-05</PRINTORDERDATE>
        <NUMCOPPIES>21000</NUMCOPPIES>
    </PRINTED>
    <PRINTED>
        <PRHOUSENAME>Принт Комерс ООД</PRHOUSENAME>
        <BISBN>6884127779</BISBN>
        <PRINTORDERDATE>2009-11-30</PRINTORDERDATE>
        <NUMCOPPIES>28000</NUMCOPPIES>
    </PRINTED>
    <PRINTED>
        <PRHOUSENAME>Принт Комерс ООД</PRHOUSENAME>
        <BISBN>707892165X</BISBN>
        <PRINTORDERDATE>2010-10-31</PRINTORDERDATE>
        <NUMCOPPIES>25000</NUMCOPPIES>
    </PRINTED>
    <PRINTED>
        <PRHOUSENAME>Принт Комерс ООД</PRHOUSENAME>
        <BISBN>229821568X</BISBN>
        <PRINTORDERDATE>2010-07-12</PRINTORDERDATE>
        <NUMCOPPIES>44000</NUMCOPPIES>
    </PRINTED>
    <PRINTED>
        <PRHOUSENAME>Принт Комерс ООД</PRHOUSENAME>
        <BISBN>6856934779</BISBN>
        <PRINTORDERDATE>2011-01-15</PRINTORDERDATE>
        <NUMCOPPIES>34000</NUMCOPPIES>
    </PRINTED>
    <PRINTED>
        <PRHOUSENAME>Принт Комерс ООД</PRHOUSENAME>
        <BISBN>678892165X</BISBN>
        <PRINTORDERDATE>2010-03-22</PRINTORDERDATE>
        <NUMCOPPIES>14000</NUMCOPPIES>
    </PRINTED>
    <PRINTED>
        <PRHOUSENAME>Принт Комерс ООД</PRHOUSENAME>
        <BISBN>277721538X</BISBN>
        <PRINTORDERDATE>2008-02-24</PRINTORDERDATE>
        <NUMCOPPIES>28000</NUMCOPPIES>
    </PRINTED>
</SQLResult>
