<?xml version="1.0" encoding="UTF-8"?>
<SQLResult>
    <PARTNER>
        <NAME>Петър Петров</NAME>
        <TYPE>Физическо лице</TYPE>
        <ADDRESS>ул. Филипови 16</ADDRESS>
    </PARTNER>
    <PARTNER>
        <NAME>Фатме Мусладжа</NAME>
        <TYPE>Физическо лице</TYPE>
        <ADDRESS>ул. Троянов 55</ADDRESS>
    </PARTNER>
    <PARTNER>
        <NAME>Димитър Димитров</NAME>
        <TYPE>Физическо лице</TYPE>
        <ADDRESS>ул. Стамболийски 78</ADDRESS>
    </PARTNER>
    <PARTNER>
        <NAME>Атанас Спирков</NAME>
        <TYPE>Физическо лице</TYPE>
        <ADDRESS>ул. Десети декември 150</ADDRESS>
    </PARTNER>
    <PARTNER>
        <NAME>Минко Трифонов</NAME>
        <TYPE>Физическо лице</TYPE>
        <ADDRESS>ул. Драган Цанков 135</ADDRESS>
    </PARTNER>
    <PARTNER>
        <NAME>Трифон Трифонов</NAME>
        <TYPE>Физическо лице</TYPE>
        <ADDRESS>ул. Витоша 5</ADDRESS>
    </PARTNER>
    <PARTNER>
        <NAME>Калоян Стойчев</NAME>
        <TYPE>Юридическо лице</TYPE>
        <ADDRESS>ул. Пиротска</ADDRESS>
    </PARTNER>
    <PARTNER>
        <NAME>Ийст ООД</NAME>
        <TYPE>Юридическо лице</TYPE>
        <ADDRESS>ул. Баучер 666</ADDRESS>
    </PARTNER>
    <PARTNER>
        <NAME>Ексес ЕАД</NAME>
        <TYPE>Юридическо лице</TYPE>
        <ADDRESS>ул. Абу даби 90</ADDRESS>
    </PARTNER>
    <PARTNER>
        <NAME>Мелън АД</NAME>
        <TYPE>Юридическо лице</TYPE>
        <ADDRESS>бул. Видинградски 234</ADDRESS>
    </PARTNER>
    <PARTNER>
        <NAME>Хамали ЕООД</NAME>
        <TYPE>Юридическо лице</TYPE>
        <ADDRESS>бул. Орлов 255</ADDRESS>
    </PARTNER>
    <PARTNER>
        <NAME>Тюлените ООД</NAME>
        <TYPE>Юридическо лице</TYPE>
        <ADDRESS>бул. Македония 900</ADDRESS>
    </PARTNER>
    <PARTNER>
        <NAME>Бук ООД</NAME>
        <TYPE>Юридическо лице</TYPE>
        <ADDRESS>бул. Александър Стамболийски 6</ADDRESS>
    </PARTNER>
    <PARTNER>
        <NAME>Livre ООД</NAME>
        <TYPE>Юридическо лице</TYPE>
        <ADDRESS>ул. Граф Игнатиев 16</ADDRESS>
    </PARTNER>
</SQLResult>
