<?xml version="1.0" encoding="UTF-8"?>
<SQLResult>
    <LOGISTICCENTRE_BOOK>
        <LOGISTICCENTRE_NAME>Uniprint №1</LOGISTICCENTRE_NAME>
        <BOOK_ISBN>0619217588</BOOK_ISBN>
        <STOCK>15290</STOCK>
    </LOGISTICCENTRE_BOOK>
    <LOGISTICCENTRE_BOOK>
        <LOGISTICCENTRE_NAME>Uniprint №1</LOGISTICCENTRE_NAME>
        <BOOK_ISBN>1619297508</BOOK_ISBN>
        <STOCK>11560</STOCK>
    </LOGISTICCENTRE_BOOK>
    <LOGISTICCENTRE_BOOK>
        <LOGISTICCENTRE_NAME>Uniprint №1</LOGISTICCENTRE_NAME>
        <BOOK_ISBN>8619818888</BOOK_ISBN>
        <STOCK>414667</STOCK>
    </LOGISTICCENTRE_BOOK>
    <LOGISTICCENTRE_BOOK>
        <LOGISTICCENTRE_NAME>Uniprint №1</LOGISTICCENTRE_NAME>
        <BOOK_ISBN>5555216515</BOOK_ISBN>
        <STOCK>14970</STOCK>
    </LOGISTICCENTRE_BOOK>
    <LOGISTICCENTRE_BOOK>
        <LOGISTICCENTRE_NAME>Uniprint №1</LOGISTICCENTRE_NAME>
        <BOOK_ISBN>0619007588</BOOK_ISBN>
        <STOCK>14540</STOCK>
    </LOGISTICCENTRE_BOOK>
    <LOGISTICCENTRE_BOOK>
        <LOGISTICCENTRE_NAME>Uniprint №1</LOGISTICCENTRE_NAME>
        <BOOK_ISBN>0010207599</BOOK_ISBN>
        <STOCK>0</STOCK>
    </LOGISTICCENTRE_BOOK>
    <LOGISTICCENTRE_BOOK>
        <LOGISTICCENTRE_NAME>Uniprint №1</LOGISTICCENTRE_NAME>
        <BOOK_ISBN>0619040000</BOOK_ISBN>
        <STOCK>13377</STOCK>
    </LOGISTICCENTRE_BOOK>
    <LOGISTICCENTRE_BOOK>
        <LOGISTICCENTRE_NAME>Uniprint №1</LOGISTICCENTRE_NAME>
        <BOOK_ISBN>9876121588</BOOK_ISBN>
        <STOCK>12370</STOCK>
    </LOGISTICCENTRE_BOOK>
    <LOGISTICCENTRE_BOOK>
        <LOGISTICCENTRE_NAME>Uniprint №1</LOGISTICCENTRE_NAME>
        <BOOK_ISBN>6855727779</BOOK_ISBN>
        <STOCK>14450</STOCK>
    </LOGISTICCENTRE_BOOK>
    <LOGISTICCENTRE_BOOK>
        <LOGISTICCENTRE_NAME>Uniprint №1</LOGISTICCENTRE_NAME>
        <BOOK_ISBN>706192175X</BOOK_ISBN>
        <STOCK>15570</STOCK>
    </LOGISTICCENTRE_BOOK>
    <LOGISTICCENTRE_BOOK>
        <LOGISTICCENTRE_NAME>Uniprint №1</LOGISTICCENTRE_NAME>
        <BOOK_ISBN>119821758X</BOOK_ISBN>
        <STOCK>16647</STOCK>
    </LOGISTICCENTRE_BOOK>
    <LOGISTICCENTRE_BOOK>
        <LOGISTICCENTRE_NAME>Uniprint №1</LOGISTICCENTRE_NAME>
        <BOOK_ISBN>351786758X</BOOK_ISBN>
        <STOCK>16524</STOCK>
    </LOGISTICCENTRE_BOOK>
    <LOGISTICCENTRE_BOOK>
        <LOGISTICCENTRE_NAME>Uniprint №1</LOGISTICCENTRE_NAME>
        <BOOK_ISBN>3487121588</BOOK_ISBN>
        <STOCK>13444</STOCK>
    </LOGISTICCENTRE_BOOK>
    <LOGISTICCENTRE_BOOK>
        <LOGISTICCENTRE_NAME>Uniprint №1</LOGISTICCENTRE_NAME>
        <BOOK_ISBN>6884127779</BOOK_ISBN>
        <STOCK>34400</STOCK>
    </LOGISTICCENTRE_BOOK>
    <LOGISTICCENTRE_BOOK>
        <LOGISTICCENTRE_NAME>Uniprint №1</LOGISTICCENTRE_NAME>
        <BOOK_ISBN>707892165X</BOOK_ISBN>
        <STOCK>12255</STOCK>
    </LOGISTICCENTRE_BOOK>
    <LOGISTICCENTRE_BOOK>
        <LOGISTICCENTRE_NAME>Uniprint №1</LOGISTICCENTRE_NAME>
        <BOOK_ISBN>229821568X</BOOK_ISBN>
        <STOCK>45300</STOCK>
    </LOGISTICCENTRE_BOOK>
    <LOGISTICCENTRE_BOOK>
        <LOGISTICCENTRE_NAME>Uniprint №1</LOGISTICCENTRE_NAME>
        <BOOK_ISBN>6856934779</BOOK_ISBN>
        <STOCK>34303</STOCK>
    </LOGISTICCENTRE_BOOK>
    <LOGISTICCENTRE_BOOK>
        <LOGISTICCENTRE_NAME>Uniprint №1</LOGISTICCENTRE_NAME>
        <BOOK_ISBN>678892165X</BOOK_ISBN>
        <STOCK>11065</STOCK>
    </LOGISTICCENTRE_BOOK>
    <LOGISTICCENTRE_BOOK>
        <LOGISTICCENTRE_NAME>Uniprint №1</LOGISTICCENTRE_NAME>
        <BOOK_ISBN>277721538X</BOOK_ISBN>
        <STOCK>0</STOCK>
    </LOGISTICCENTRE_BOOK>
    <LOGISTICCENTRE_BOOK>
        <LOGISTICCENTRE_NAME>Uniprint №2</LOGISTICCENTRE_NAME>
        <BOOK_ISBN>0619217588</BOOK_ISBN>
        <STOCK>9290</STOCK>
    </LOGISTICCENTRE_BOOK>
    <LOGISTICCENTRE_BOOK>
        <LOGISTICCENTRE_NAME>Uniprint №2</LOGISTICCENTRE_NAME>
        <BOOK_ISBN>1619297508</BOOK_ISBN>
        <STOCK>13560</STOCK>
    </LOGISTICCENTRE_BOOK>
    <LOGISTICCENTRE_BOOK>
        <LOGISTICCENTRE_NAME>Uniprint №2</LOGISTICCENTRE_NAME>
        <BOOK_ISBN>8619818888</BOOK_ISBN>
        <STOCK>14667</STOCK>
    </LOGISTICCENTRE_BOOK>
    <LOGISTICCENTRE_BOOK>
        <LOGISTICCENTRE_NAME>Uniprint №2</LOGISTICCENTRE_NAME>
        <BOOK_ISBN>5555216515</BOOK_ISBN>
        <STOCK>8970</STOCK>
    </LOGISTICCENTRE_BOOK>
    <LOGISTICCENTRE_BOOK>
        <LOGISTICCENTRE_NAME>Uniprint №2</LOGISTICCENTRE_NAME>
        <BOOK_ISBN>0619007588</BOOK_ISBN>
        <STOCK>0</STOCK>
    </LOGISTICCENTRE_BOOK>
    <LOGISTICCENTRE_BOOK>
        <LOGISTICCENTRE_NAME>Uniprint №2</LOGISTICCENTRE_NAME>
        <BOOK_ISBN>0010207599</BOOK_ISBN>
        <STOCK>1000</STOCK>
    </LOGISTICCENTRE_BOOK>
    <LOGISTICCENTRE_BOOK>
        <LOGISTICCENTRE_NAME>Uniprint №2</LOGISTICCENTRE_NAME>
        <BOOK_ISBN>0619040000</BOOK_ISBN>
        <STOCK>377</STOCK>
    </LOGISTICCENTRE_BOOK>
    <LOGISTICCENTRE_BOOK>
        <LOGISTICCENTRE_NAME>Uniprint №2</LOGISTICCENTRE_NAME>
        <BOOK_ISBN>9876121588</BOOK_ISBN>
        <STOCK>2370</STOCK>
    </LOGISTICCENTRE_BOOK>
    <LOGISTICCENTRE_BOOK>
        <LOGISTICCENTRE_NAME>Uniprint №2</LOGISTICCENTRE_NAME>
        <BOOK_ISBN>6855727779</BOOK_ISBN>
        <STOCK>14460</STOCK>
    </LOGISTICCENTRE_BOOK>
    <LOGISTICCENTRE_BOOK>
        <LOGISTICCENTRE_NAME>Uniprint №2</LOGISTICCENTRE_NAME>
        <BOOK_ISBN>706192175X</BOOK_ISBN>
        <STOCK>18570</STOCK>
    </LOGISTICCENTRE_BOOK>
    <LOGISTICCENTRE_BOOK>
        <LOGISTICCENTRE_NAME>Uniprint №2</LOGISTICCENTRE_NAME>
        <BOOK_ISBN>119821758X</BOOK_ISBN>
        <STOCK>3457</STOCK>
    </LOGISTICCENTRE_BOOK>
    <LOGISTICCENTRE_BOOK>
        <LOGISTICCENTRE_NAME>Uniprint №2</LOGISTICCENTRE_NAME>
        <BOOK_ISBN>351786758X</BOOK_ISBN>
        <STOCK>12524</STOCK>
    </LOGISTICCENTRE_BOOK>
    <LOGISTICCENTRE_BOOK>
        <LOGISTICCENTRE_NAME>Uniprint №2</LOGISTICCENTRE_NAME>
        <BOOK_ISBN>3487121588</BOOK_ISBN>
        <STOCK>11444</STOCK>
    </LOGISTICCENTRE_BOOK>
    <LOGISTICCENTRE_BOOK>
        <LOGISTICCENTRE_NAME>Uniprint №2</LOGISTICCENTRE_NAME>
        <BOOK_ISBN>6884127779</BOOK_ISBN>
        <STOCK>32400</STOCK>
    </LOGISTICCENTRE_BOOK>
    <LOGISTICCENTRE_BOOK>
        <LOGISTICCENTRE_NAME>Uniprint №2</LOGISTICCENTRE_NAME>
        <BOOK_ISBN>707892165X</BOOK_ISBN>
        <STOCK>13255</STOCK>
    </LOGISTICCENTRE_BOOK>
    <LOGISTICCENTRE_BOOK>
        <LOGISTICCENTRE_NAME>Uniprint №2</LOGISTICCENTRE_NAME>
        <BOOK_ISBN>229821568X</BOOK_ISBN>
        <STOCK>10300</STOCK>
    </LOGISTICCENTRE_BOOK>
    <LOGISTICCENTRE_BOOK>
        <LOGISTICCENTRE_NAME>Uniprint №2</LOGISTICCENTRE_NAME>
        <BOOK_ISBN>6856934779</BOOK_ISBN>
        <STOCK>32303</STOCK>
    </LOGISTICCENTRE_BOOK>
    <LOGISTICCENTRE_BOOK>
        <LOGISTICCENTRE_NAME>Uniprint №2</LOGISTICCENTRE_NAME>
        <BOOK_ISBN>678892165X</BOOK_ISBN>
        <STOCK>10065</STOCK>
    </LOGISTICCENTRE_BOOK>
    <LOGISTICCENTRE_BOOK>
        <LOGISTICCENTRE_NAME>Uniprint №2</LOGISTICCENTRE_NAME>
        <BOOK_ISBN>277721538X</BOOK_ISBN>
        <STOCK>9015</STOCK>
    </LOGISTICCENTRE_BOOK>
</SQLResult>
