<?xml version="1.0" encoding="UTF-8"?>
<SQLResult>
    <EMPLOYEE>
        <EGN>9006214027</EGN>
        <NAME>Михайл Савов</NAME>
        <SALARY>2000</SALARY>
        <TELEPHONE>0885034699</TELEPHONE>
        <CONTRACT_NUMBER>1007</CONTRACT_NUMBER>
        <IBAN>BG80 BNBG 9661 3490 3456 66</IBAN>
    </EMPLOYEE>
    <EMPLOYEE>
        <EGN>8803042318</EGN>
        <NAME>Петър Динев</NAME>
        <SALARY>1060</SALARY>
        <TELEPHONE>0885032599</TELEPHONE>
        <CONTRACT_NUMBER>1008</CONTRACT_NUMBER>
        <IBAN>BG80 BNBG 1283 1020 3456 12</IBAN>
    </EMPLOYEE>
    <EMPLOYEE>
        <EGN>9012231893</EGN>
        <NAME>Бойко Владимиров</NAME>
        <SALARY>1090</SALARY>
        <TELEPHONE>0889014629</TELEPHONE>
        <CONTRACT_NUMBER>1009</CONTRACT_NUMBER>
        <IBAN>BG80 BNBG 9348 4586 3456 90</IBAN>
    </EMPLOYEE>
    <EMPLOYEE>
        <EGN>8412231814</EGN>
        <NAME>Владимир Филипов</NAME>
        <SALARY>790</SALARY>
        <TELEPHONE>0885034399</TELEPHONE>
        <CONTRACT_NUMBER>1010</CONTRACT_NUMBER>
        <IBAN>BG80 BNBG 9661 9012 3456 66</IBAN>
    </EMPLOYEE>
    <EMPLOYEE>
        <EGN>8704057765</EGN>
        <NAME>Станислав Чубев</NAME>
        <SALARY>690</SALARY>
        <TELEPHONE>0885666699</TELEPHONE>
        <CONTRACT_NUMBER>1011</CONTRACT_NUMBER>
        <IBAN>BG80 BNBG 0092 9923 0000 34</IBAN>
    </EMPLOYEE>
    <EMPLOYEE>
        <EGN>8912031836</EGN>
        <NAME>Игор Генчев</NAME>
        <SALARY>1000</SALARY>
        <TELEPHONE>0885123456</TELEPHONE>
        <CONTRACT_NUMBER>1013</CONTRACT_NUMBER>
        <IBAN>BG80 BNBG 1100 1020 3456 11</IBAN>
    </EMPLOYEE>
    <EMPLOYEE>
        <EGN>8801061823</EGN>
        <NAME>Траяна Константинова</NAME>
        <SALARY>400</SALARY>
        <TELEPHONE>0885990013</TELEPHONE>
        <CONTRACT_NUMBER>1012</CONTRACT_NUMBER>
        <IBAN>BG80 BNBG 9661 1020 3456 11</IBAN>
    </EMPLOYEE>
    <EMPLOYEE>
        <EGN>7010159357</EGN>
        <NAME>Елена Атанасова</NAME>
        <SALARY>700</SALARY>
        <TELEPHONE>0888556671</TELEPHONE>
        <CONTRACT_NUMBER>1081</CONTRACT_NUMBER>
        <IBAN>BG80 BNBG 9611 3465 7812 45</IBAN>
    </EMPLOYEE>
    <EMPLOYEE>
        <EGN>7709127255</EGN>
        <NAME>Камен Китазов</NAME>
        <SALARY>700</SALARY>
        <TELEPHONE>0898546116</TELEPHONE>
        <CONTRACT_NUMBER>1081</CONTRACT_NUMBER>
        <IBAN>BG80 BNBG 7654 6809 1342 59</IBAN>
    </EMPLOYEE>
    <EMPLOYEE>
        <EGN>7208202211</EGN>
        <NAME>Кентавър Иванов</NAME>
        <SALARY>800</SALARY>
        <TELEPHONE>0875127654</TELEPHONE>
        <CONTRACT_NUMBER>1082</CONTRACT_NUMBER>
        <IBAN>BG80 BNBG 9611 3465 7812 45</IBAN>
    </EMPLOYEE>
    <EMPLOYEE>
        <EGN>8107112340</EGN>
        <NAME>Дезимира Алексиева</NAME>
        <SALARY>800</SALARY>
        <TELEPHONE>0883123472</TELEPHONE>
        <CONTRACT_NUMBER>1082</CONTRACT_NUMBER>
        <IBAN>BG80 BNBG 4432 6523 8712 11</IBAN>
    </EMPLOYEE>
    <EMPLOYEE>
        <EGN>8206029076</EGN>
        <NAME>Панайот Вартоломеев</NAME>
        <SALARY>800</SALARY>
        <TELEPHONE>0882908065</TELEPHONE>
        <CONTRACT_NUMBER>1082</CONTRACT_NUMBER>
        <IBAN>BG80 BNBG 5678 1153 0765 23</IBAN>
    </EMPLOYEE>
    <EMPLOYEE>
        <EGN>6610159357</EGN>
        <NAME>Илиян Атанасов</NAME>
        <SALARY>700</SALARY>
        <TELEPHONE>0884556671</TELEPHONE>
        <CONTRACT_NUMBER>1081</CONTRACT_NUMBER>
        <IBAN>BG80 BNBG 2005 3475 5512 11</IBAN>
    </EMPLOYEE>
    <EMPLOYEE>
        <EGN>7009127255</EGN>
        <NAME>Ивайло Каменов</NAME>
        <SALARY>700</SALARY>
        <TELEPHONE>0885546116</TELEPHONE>
        <CONTRACT_NUMBER>1081</CONTRACT_NUMBER>
        <IBAN>BG80 BNBG 7354 6839 1242 19</IBAN>
    </EMPLOYEE>
    <EMPLOYEE>
        <EGN>8808202211</EGN>
        <NAME>Илия Иванов</NAME>
        <SALARY>800</SALARY>
        <TELEPHONE>0876121654</TELEPHONE>
        <CONTRACT_NUMBER>1082</CONTRACT_NUMBER>
        <IBAN>BG80 BNBG 9611 3465 7712 15</IBAN>
    </EMPLOYEE>
    <EMPLOYEE>
        <EGN>8507112340</EGN>
        <NAME>Десислава Алексиева</NAME>
        <SALARY>800</SALARY>
        <TELEPHONE>0893123472</TELEPHONE>
        <CONTRACT_NUMBER>1082</CONTRACT_NUMBER>
        <IBAN>BG80 BNBG 1112 6423 8712 11</IBAN>
    </EMPLOYEE>
    <EMPLOYEE>
        <EGN>8106029076</EGN>
        <NAME>Пенка Василева</NAME>
        <SALARY>800</SALARY>
        <TELEPHONE>0872908065</TELEPHONE>
        <CONTRACT_NUMBER>1082</CONTRACT_NUMBER>
        <IBAN>BG80 BNBG 1478 1153 0765 23</IBAN>
    </EMPLOYEE>
</SQLResult>
