<?xml version="1.0" encoding="UTF-8"?>
<SQLResult>
    <PARTNER_CONTRACT>
        <CONTRACT_NUMBER>1001</CONTRACT_NUMBER>
        <PARTNER_NAME>Петър Петров</PARTNER_NAME>
    </PARTNER_CONTRACT>
    <PARTNER_CONTRACT>
        <CONTRACT_NUMBER>1002</CONTRACT_NUMBER>
        <PARTNER_NAME>Фатме Мусладжа</PARTNER_NAME>
    </PARTNER_CONTRACT>
    <PARTNER_CONTRACT>
        <CONTRACT_NUMBER>1003</CONTRACT_NUMBER>
        <PARTNER_NAME>Димитър Димитров</PARTNER_NAME>
    </PARTNER_CONTRACT>
    <PARTNER_CONTRACT>
        <CONTRACT_NUMBER>1004</CONTRACT_NUMBER>
        <PARTNER_NAME>Атанас Спирков</PARTNER_NAME>
    </PARTNER_CONTRACT>
    <PARTNER_CONTRACT>
        <CONTRACT_NUMBER>1005</CONTRACT_NUMBER>
        <PARTNER_NAME>Минко Трифонов</PARTNER_NAME>
    </PARTNER_CONTRACT>
    <PARTNER_CONTRACT>
        <CONTRACT_NUMBER>1006</CONTRACT_NUMBER>
        <PARTNER_NAME>Трифон Трифонов</PARTNER_NAME>
    </PARTNER_CONTRACT>
    <PARTNER_CONTRACT>
        <CONTRACT_NUMBER>1007</CONTRACT_NUMBER>
        <PARTNER_NAME>Калоян Стойчев</PARTNER_NAME>
    </PARTNER_CONTRACT>
    <PARTNER_CONTRACT>
        <CONTRACT_NUMBER>1014</CONTRACT_NUMBER>
        <PARTNER_NAME>Ийст ООД</PARTNER_NAME>
    </PARTNER_CONTRACT>
    <PARTNER_CONTRACT>
        <CONTRACT_NUMBER>1015</CONTRACT_NUMBER>
        <PARTNER_NAME>Ексес ЕАД</PARTNER_NAME>
    </PARTNER_CONTRACT>
    <PARTNER_CONTRACT>
        <CONTRACT_NUMBER>1016</CONTRACT_NUMBER>
        <PARTNER_NAME>Мелън АД</PARTNER_NAME>
    </PARTNER_CONTRACT>
    <PARTNER_CONTRACT>
        <CONTRACT_NUMBER>1017</CONTRACT_NUMBER>
        <PARTNER_NAME>Хамали ЕООД</PARTNER_NAME>
    </PARTNER_CONTRACT>
    <PARTNER_CONTRACT>
        <CONTRACT_NUMBER>1019</CONTRACT_NUMBER>
        <PARTNER_NAME>Livre ООД</PARTNER_NAME>
    </PARTNER_CONTRACT>
    <PARTNER_CONTRACT>
        <CONTRACT_NUMBER>1019</CONTRACT_NUMBER>
        <PARTNER_NAME>Бук ООД</PARTNER_NAME>
    </PARTNER_CONTRACT>
    <PARTNER_CONTRACT>
        <CONTRACT_NUMBER>1019</CONTRACT_NUMBER>
        <PARTNER_NAME>Тюлените ООД</PARTNER_NAME>
    </PARTNER_CONTRACT>
</SQLResult>
